date,title,review,rating,username,helpful_votes,review_length,platform,language,location,version,verified_purchase,detected_language,sentiment,helpful_flag,clean_text
2024-09-06,Claim who accept.,sense include lot effect fill general relationship save security land record class democrat nearly recent,4,morrowthomas,30,105,Flipkart,ar,Nepal,3.8.4,No,en,positive,Helpful (>10),sense include lot effect fill general relationship save security land record class democrat nearly recent
2025-07-03,Growth pretty wish.,ask develop bag worker pass expert white arm similar compare manager action sure million crime member recognize past,4,sheakimberly,120,116,Flipkart,ar,Guinea,5.2.6,Yes,en,positive,Helpful (>10),ask develop bag worker pass expert white arm similar compare manager action sure million crime member recognize past
,What then spend offer reason whom none.,customer address region try near risk girl spring paper create offer end imagine blood authority family water,5,katherineali,130,109,Flipkart,es,Kuwait,3.6.5,No,en,positive,Helpful (>10),customer address region try near risk girl spring paper create offer end imagine blood authority family water
,Say dog drug enter director strong student.,television loss election small detail red son include good act strategy eat behavior purpose start away use live government especially water raise travel,1,eric11,72,153,Amazon,pt,Uruguay,5.7.2,No,en,negative,Helpful (>10),television loss election small detail red son include good act strategy eat behavior purpose start away use live government especially water raise travel
,Purpose here beyond.,pass share lot manage world worker exactly develop office approach son long maybe hour company recently ready,5,chloe42,123,109,Amazon,zh,Mayotte,5.8.6,No,en,positive,Helpful (>10),pass share lot manage world worker exactly develop office approach son long maybe hour company recently ready
,Care throw piece move firm main economy.,especially gas contain interest industry sell half conference capital office direction establish dog certainly change south computer,3,rosshannah,48,132,Flipkart,pt,Bahamas,4.3.6,Yes,en,neutral,Helpful (>10),especially gas contain interest industry sell half conference capital office direction establish dog certainly change south computer
2025-05-02,Maintain say threat high expert place certain.,live picture free guess night use election quickly paper officer practice mrs expect foot,3,daniellemcfarland,190,89,App Store,ja,Italy,4.2.7,Yes,en,neutral,Helpful (>10),live picture free guess night use election quickly paper officer practice mrs expect foot
,Share bar energy choice pressure those finally.,occur support author class direction fact environment popular know television guy minute late cold doctor edge season decision believe view list approach,2,joanramos,128,153,Website,zh,Brunei Darussalam,1.7.1,No,en,negative,Helpful (>10),occur support author class direction fact environment popular know television guy minute late cold doctor edge season decision believe view list approach
,Source kind hand employee field.,stuff agreement professional team foot live window music evening know wide recently opportunity lead theory policy training loss,1,millskatherine,184,128,Flipkart,ja,Burkina Faso,2.1.7,No,en,negative,Helpful (>10),stuff agreement professional team foot live window music evening know wide recently opportunity lead theory policy training loss
,Determine bad personal might son party.,light water local involve fall discuss nature country think join economic resource position,3,justin84,159,91,App Store,es,Isle of Man,3.8.6,No,en,neutral,Helpful (>10),light water local involve fall discuss nature country think join economic resource position
2025-09-06,Management game find.,consumer face pm pay evening performance fly charge wide win example account bed,4,dbolton,138,80,Google Play,pt,Qatar,1.3.4,Yes,en,positive,Helpful (>10),consumer face pm pay evening performance fly charge wide win example account bed
,List race fine follow pick.,form weight argue simply author consider time economic high actually window research window east yes current,1,garnerandrea,111,108,Google Play,es,British Virgin Islands,4.2.4,Yes,en,negative,Helpful (>10),form weight argue simply author consider time economic high actually window research window east yes current
2025-07-06,Before peace us young personal art popular.,police cup think tell design plan foot cold everybody build smile ok real read choice eat,1,martinezjesse,83,89,Google Play,hi,Micronesia,3.5.6,Yes,en,negative,Helpful (>10),police cup think tell design plan foot cold everybody build smile ok real read choice eat
,Here control affect task simply draw return.,south cover ready group care magazine join far couple cost girl run story trial attention choice fast enjoy happen a.,2,rlee,135,117,App Store,pt,Luxembourg,2.2.2,Yes,en,negative,Helpful (>10),south cover ready group care magazine join far couple cost girl run story trial attention choice fast enjoy happen a
,Guess sea three state.,child executive important focus benefit probably analysis visit condition blood court price moment red hand paper audience decade man threat bag song,5,colonjoseph,97,149,Website,de,Armenia,4.9.2,Yes,en,positive,Helpful (>10),child executive important focus benefit probably analysis visit condition blood court price moment red hand paper audience decade man threat bag song
,Society nearly measure price.,strong democratic mind big discuss country moment eat personal condition black police group learn professor,4,umahoney,163,107,Amazon,ar,Mayotte,3.0.7,No,en,positive,Helpful (>10),strong democratic mind big discuss country moment eat personal condition black police group learn professor
,Try memory number occur behind.,include plan step food drive nation heart nearly season growth language risk work military year feel develop talk state ready,5,ikelly,40,125,Google Play,ar,Estonia,3.9.4,No,en,positive,Helpful (>10),include plan step food drive nation heart nearly season growth language risk work military year feel develop talk state ready
,Indicate test thank dinner present own.,economic feel notice design baby foot lot major reflect standard organization feel room office bad argue girl,3,walterscrystal,116,109,Amazon,de,Austria,4.7.1,Yes,en,neutral,Helpful (>10),economic feel notice design baby foot lot major reflect standard organization feel room office bad argue girl
,Nice maintain present cultural pattern save east.,american music change maybe determine rule hotel knowledge organization measure develop skill challenge live seat nature energy huge recently seven,4,adamsrussell,146,147,Amazon,pt,Poland,3.4.0,No,en,positive,Helpful (>10),american music change maybe determine rule hotel knowledge organization measure develop skill challenge live seat nature energy huge recently seven
,We unit than star add.,public interest fly order agency fight write pattern wrong kind certainly rate choose rock beat science,3,torresthomas,2,103,Website,en,Greenland,5.7.4,Yes,en,neutral,Not Helpful (≤10),public interest fly order agency fight write pattern wrong kind certainly rate choose rock beat science
,Ten affect test power discuss herself.,deep national seek nature performance yeah reason property heavy town money exist smile peace apply pressure home,5,mckeetodd,90,113,Flipkart,de,Nauru,5.4.2,Yes,en,positive,Helpful (>10),deep national seek nature performance yeah reason property heavy town money exist smile peace apply pressure home
,Want we difficult.,cost leader unit easy morning majority season adult range green artist election hit,1,penny21,79,83,App Store,en,Saint Lucia,5.5.2,Yes,en,negative,Helpful (>10),cost leader unit easy morning majority season adult range green artist election hit
2025-05-05,Fish they risk she.,partner personal dinner drive check wife travel forget deal catch range dark catch read travel involve training prevent north citizen attack mouth rest,3,tali,83,151,App Store,fr,Kenya,2.2.8,No,en,neutral,Helpful (>10),partner personal dinner drive check wife travel forget deal catch range dark catch read travel involve training prevent north citizen attack mouth rest
,Clearly difficult impact why.,charge capital ago worry pay paper partner reach grow read live maybe paint republican hear system man,5,stephanie33,128,102,Amazon,fr,Saudi Arabia,3.7.4,No,en,positive,Helpful (>10),charge capital ago worry pay paper partner reach grow read live maybe paint republican hear system man
2024-08-06,Minute later still.,computer western pay reach term simply station result hour voice occur movie political,1,richjohn,119,86,Google Play,fr,Martinique,2.6.8,No,en,negative,Helpful (>10),computer western pay reach term simply station result hour voice occur movie political
,Single visit receive career.,newspaper piece fact huge similar experience coach family try ready tough position bed,1,bmorris,101,86,Google Play,hi,Christmas Island,5.1.7,No,en,negative,Helpful (>10),newspaper piece fact huge similar experience coach family try ready tough position bed
,Information finally shoulder.,time think bed food possible represent clearly run relationship plant risk window partner civil nearly analysis color friend television class certain shoulder,3,lroberts,149,158,App Store,zh,British Indian Ocean Territory (Chagos Archipelago),1.3.7,Yes,en,neutral,Helpful (>10),time think bed food possible represent clearly run relationship plant risk window partner civil nearly analysis color friend television class certain shoulder
2024-06-02,Project study fear.,activity marriage material space open little improve bag outside natural people newspaper stay challenge president,5,williamsrobert,143,114,Amazon,pt,Christmas Island,2.1.7,No,en,positive,Helpful (>10),activity marriage material space open little improve bag outside natural people newspaper stay challenge president
2025-07-06,Receive partner body role pick.,particularly reality organization skin concern lie use behavior follow today star serve successful assume likely business teacher forget include,4,webbhaley,29,144,Flipkart,en,Vietnam,1.4.7,Yes,en,positive,Helpful (>10),particularly reality organization skin concern lie use behavior follow today star serve successful assume likely business teacher forget include
2024-06-08,South defense political real effort attack feel.,interview summer employee offer pass market role manage conference participant remember ability agency personal brother summer son increase free,1,katie15,60,144,Website,fr,Guam,4.7.5,No,en,negative,Helpful (>10),interview summer employee offer pass market role manage conference participant remember ability agency personal brother summer son increase free
2024-02-01,At chance subject fund heart move.,pattern ahead compare form public trouble population loss physical mr. leg sport argue minute north question new affect officer forward trouble,5,ashleyprice,190,143,Flipkart,ja,Nauru,1.7.9,No,en,positive,Helpful (>10),pattern ahead compare form public trouble population loss physical mr leg sport argue minute north question new affect officer forward trouble
2025-05-08,Financial force show better word might yeah.,relate fire include market later week democratic company hear dark begin medium child future low,3,jennystevens,8,96,Amazon,de,Rwanda,4.7.3,No,en,neutral,Not Helpful (≤10),relate fire include market later week democratic company hear dark begin medium child future low
,Bill my near even wall sound off.,break financial analysis summer threat billion seat serve fly court everybody kid brother chance event address performance,1,charlesaustin,175,122,Amazon,ru,Guadeloupe,3.0.6,No,en,negative,Helpful (>10),break financial analysis summer threat billion seat serve fly court everybody kid brother chance event address performance
,Like water century time election guy contain.,ahead tough beat hot relate picture real pattern fine stage require provide wind sense letter capital spend turn life lay,2,kristina57,31,121,App Store,es,Libyan Arab Jamahiriya,2.9.0,Yes,en,negative,Helpful (>10),ahead tough beat hot relate picture real pattern fine stage require provide wind sense letter capital spend turn life lay
2025-06-06,Per nature wind himself future.,little goal leave color page meet research blood news audience leave opportunity,3,bmueller,62,80,Flipkart,pt,Mongolia,2.1.8,Yes,en,neutral,Helpful (>10),little goal leave color page meet research blood news audience leave opportunity
,Serious produce laugh.,door production main option leg computer attorney board sport management produce bed stage think tough,5,peter97,55,102,Flipkart,zh,Congo,2.9.0,No,en,positive,Helpful (>10),door production main option leg computer attorney board sport management produce bed stage think tough
2025-07-03,Image itself deep community cause new.,feel quickly truth view response trip wrong old particularly identify camera family hard nature apply reflect star grow technology tend dog reduce hour fish,2,mary24,33,156,Website,hi,Tunisia,2.1.0,Yes,en,negative,Helpful (>10),feel quickly truth view response trip wrong old particularly identify camera family hard nature apply reflect star grow technology tend dog reduce hour fish
,Need last green control painting official.,care author administration return main join wrong case south team throw receive lawyer,1,jenniferadams,91,86,Flipkart,pt,Vanuatu,3.0.2,No,en,negative,Helpful (>10),care author administration return main join wrong case south team throw receive lawyer
,Fine apply gas sing light mention light safe.,happen relate loss real center rule worker worker single let model particular early piece professional protect range,1,zgomez,32,116,App Store,ru,French Polynesia,1.1.7,No,en,negative,Helpful (>10),happen relate loss real center rule worker worker single let model particular early piece professional protect range
,Edge past every either scientist.,type risk article list college prevent factor agree machine camera baby,3,reneestevenson,131,71,Website,es,Palestinian Territory,4.8.3,Yes,en,neutral,Helpful (>10),type risk article list college prevent factor agree machine camera baby
2025-05-05,Politics sense break.,space end red machine son television garden base certain value study sell include produce rise cold official success,5,stevenalvarez,77,116,App Store,en,Lebanon,1.7.6,No,en,positive,Helpful (>10),space end red machine son television garden base certain value study sell include produce rise cold official success
,Effort once leave push.,raise hope enjoy eye high firm morning truth pm truth teach friend environment,1,jessicachapman,125,78,App Store,es,Congo,1.5.9,Yes,en,negative,Helpful (>10),raise hope enjoy eye high firm morning truth pm truth teach friend environment
,Candidate prevent tonight not whose to receive education.,question year finish action attack moment rate goal edge people arm order describe outside business beat,1,eguerrero,32,104,Amazon,pt,Northern Mariana Islands,5.8.5,No,en,negative,Helpful (>10),question year finish action attack moment rate goal edge people arm order describe outside business beat
,Century shoulder despite poor.,realize property sit artist home election spend concern attorney woman customer hotel population,5,gbaldwin,135,96,Amazon,ar,Antigua and Barbuda,5.9.6,Yes,en,positive,Helpful (>10),realize property sit artist home election spend concern attorney woman customer hotel population
2024-08-07,Long identify road speech audience difficult his.,number economy knowledge chance policy professor entire record middle vote,1,imartinez,167,74,Website,de,Vietnam,4.7.3,No,en,negative,Helpful (>10),number economy knowledge chance policy professor entire record middle vote
,Cause cover rest or majority.,radio place movement ball short computer course receive piece grow plan,3,sparksdawn,116,71,App Store,ja,Luxembourg,1.5.6,No,en,neutral,Helpful (>10),radio place movement ball short computer course receive piece grow plan
,Particularly structure ask stage box organization past.,administration fund return deep president mission vote thank chance center president likely truth animal red candidate common film soldier,3,brockronald,95,138,Flipkart,ar,Sudan,1.1.1,Yes,en,neutral,Helpful (>10),administration fund return deep president mission vote thank chance center president likely truth animal red candidate common film soldier
,Religious order exist really.,food wish office case student soldier share friend building center collection close old card social place heavy citizen ball account,4,nschwartz,24,132,Amazon,fr,Cambodia,5.0.9,No,en,positive,Helpful (>10),food wish office case student soldier share friend building center collection close old card social place heavy citizen ball account
,Everybody create someone rate why.,mission include visit particular conference matter wear physical girl dog brother morning believe gun seven music despite,1,kjimenez,105,121,Amazon,ja,Paraguay,1.4.9,No,en,negative,Helpful (>10),mission include visit particular conference matter wear physical girl dog brother morning believe gun seven music despite
,For better scene thank.,approach hair decide edge pattern analysis science understand compare size machine break time return cup quality,3,evance,26,112,Website,ru,Latvia,2.2.7,Yes,en,neutral,Helpful (>10),approach hair decide edge pattern analysis science understand compare size machine break time return cup quality
,Majority yet option student evidence role save.,approach job democratic participant concern health leader create grow especially allow arrive carry surface learn commercial gas page smile point particularly color wife talk beat,1,johnhamilton,89,179,Website,zh,Cyprus,1.4.9,Yes,en,negative,Helpful (>10),approach job democratic participant concern health leader create grow especially allow arrive carry surface learn commercial gas page smile point particularly color wife talk beat
,With less catch.,watch trial individual analysis yard safe mean international hour special recent well drive actually rule wear car fast positive look fight reflect teach section,4,xlopez,143,161,Website,pt,Nigeria,5.0.9,No,en,positive,Helpful (>10),watch trial individual analysis yard safe mean international hour special recent well drive actually rule wear car fast positive look fight reflect teach section
2025-06-04,Book half people.,team audience throw allow international recently partner offer debate range friend usually method travel hair,1,michael81,46,109,Amazon,hi,Moldova,3.5.0,Yes,en,negative,Helpful (>10),team audience throw allow international recently partner offer debate range friend usually method travel hair
,Question mouth factor per son war speak.,catch friend power sell reflect fly today institution approach health laugh stop like,2,lopeznicole,144,85,App Store,es,Benin,2.0.1,Yes,en,negative,Helpful (>10),catch friend power sell reflect fly today institution approach health laugh stop like
,Success knowledge fight car smile commercial employee.,today eye body recent minute physical fall use listen information scene country soon strong mind official pretty skin main,4,swatson,107,122,App Store,zh,Sierra Leone,2.5.4,No,en,positive,Helpful (>10),today eye body recent minute physical fall use listen information scene country soon strong mind official pretty skin main
,Hard day religious program within.,chance expect peace claim movement win stuff realize project child draw american,5,nathanfernandez,152,80,Google Play,en,Central African Republic,2.2.9,Yes,en,positive,Helpful (>10),chance expect peace claim movement win stuff realize project child draw american
,Question bring agent pay.,build agent use shoulder way choose wife national relate listen face want wonder chair north trade kind ready rule,1,seandavis,69,114,App Store,ja,Azerbaijan,4.9.7,No,en,negative,Helpful (>10),build agent use shoulder way choose wife national relate listen face want wonder chair north trade kind ready rule
,Hard health expect goal within them.,develop mrs knowledge public wish hour owner memory argue project huge,3,lewispamela,55,70,Website,es,Saint Vincent and the Grenadines,3.6.1,No,en,neutral,Helpful (>10),develop mrs knowledge public wish hour owner memory argue project huge
,Face make state few one management.,eye south wife interest cause beat debate listen test series important trial increase new report sense carry control,5,ywalker,124,116,Website,hi,Afghanistan,1.3.6,Yes,en,positive,Helpful (>10),eye south wife interest cause beat debate listen test series important trial increase new report sense carry control
,Physical live reason build mention.,feel policy pm buy program explain conference trade population budget yes seat ok,1,brucefrancisco,52,81,Amazon,de,Azerbaijan,2.4.4,No,en,negative,Helpful (>10),feel policy pm buy program explain conference trade population budget yes seat ok
,Even recently guy move goal.,leave group apply guess player western factor police message short consumer sell step,1,alexanderholmes,1,85,App Store,ja,Holy See (Vatican City State),2.2.6,Yes,en,negative,Not Helpful (≤10),leave group apply guess player western factor police message short consumer sell step
,Threat our shake garden report agreement.,include tv clear design story somebody ready weight suffer republican individual trouble bring capital admit reality catch,5,walkermelissa,143,122,Amazon,es,Cambodia,4.0.6,Yes,en,positive,Helpful (>10),include tv clear design story somebody ready weight suffer republican individual trouble bring capital admit reality catch
,Continue goal before suffer walk.,film decide wonder interesting bear affect machine blue soldier message arrive budget education property senior site turn day,4,michael89,19,125,Amazon,pt,Dominican Republic,4.9.6,No,en,positive,Helpful (>10),film decide wonder interesting bear affect machine blue soldier message arrive budget education property senior site turn day
,Relate news American foreign break exist.,attention standard shake respond commercial senior rise turn surface hand operation congress great democrat dinner world buy book career,3,gloria73,29,136,App Store,en,Mexico,3.2.9,No,en,neutral,Helpful (>10),attention standard shake respond commercial senior rise turn surface hand operation congress great democrat dinner world buy book career
,Ask window full organization.,world task sort voice happen actually purpose mission budget house reason scientist,3,bmartinez,22,83,App Store,es,Saint Kitts and Nevis,2.6.9,No,en,neutral,Helpful (>10),world task sort voice happen actually purpose mission budget house reason scientist
,Check perform benefit baby seem should.,share order series song wall green project wear memory challenge lawyer business majority discuss wall ahead scene store marriage ago condition painting,5,qharris,20,152,App Store,hi,Luxembourg,3.3.5,Yes,en,positive,Helpful (>10),share order series song wall green project wear memory challenge lawyer business majority discuss wall ahead scene store marriage ago condition painting
,Maintain body push process rate occur.,energy gas teacher national weight involve trip fire heavy computer process single clearly issue fine,1,khart,130,101,Google Play,ru,Macedonia,5.3.5,No,en,negative,Helpful (>10),energy gas teacher national weight involve trip fire heavy computer process single clearly issue fine
,Also price institution method inside after.,enjoy opportunity help short expect article opportunity campaign hand special agree game good generation group goal product easy possible travel assume figure,2,uchapman,60,158,Google Play,fr,Honduras,3.3.2,Yes,en,negative,Helpful (>10),enjoy opportunity help short expect article opportunity campaign hand special agree game good generation group goal product easy possible travel assume figure
,Behind front attack song little decide somebody prepare.,follow good major real day market specific property coach federal cut player wind away sure degree enter father source person response,1,william46,45,134,App Store,ar,Panama,5.9.7,No,en,negative,Helpful (>10),follow good major real day market specific property coach federal cut player wind away sure degree enter father source person response
2025-09-07,Mission hair challenge character.,customer person law shake congress affect reflect television officer produce station visit environmental point speak table trade risk,3,megan65,38,133,App Store,es,Tokelau,4.7.4,No,en,neutral,Helpful (>10),customer person law shake congress affect reflect television officer produce station visit environmental point speak table trade risk
,Evening ahead smile everyone.,plant suffer environment expert civil image box court early nice job positive,5,dawnwilliams,14,77,Amazon,ru,Saint Helena,1.4.7,No,en,positive,Helpful (>10),plant suffer environment expert civil image box court early nice job positive
,Edge this draw business southern forget once.,area finish fear western public style successful door number matter build professional oil simple,1,vshaffer,14,97,Amazon,hi,Dominica,1.1.9,No,en,negative,Helpful (>10),area finish fear western public style successful door number matter build professional oil simple
,Education his police red total.,design blood degree impact television argue mouth record nation radio white view guy resource start paper success production wait real,4,nicholsjoel,148,134,Website,en,Kenya,4.9.3,No,en,positive,Helpful (>10),design blood degree impact television argue mouth record nation radio white view guy resource start paper success production wait real
,Likely include subject response theory star station.,travel hotel bed state father teacher civil speech popular smile bag,5,william56,121,68,Website,fr,Netherlands Antilles,1.7.1,No,en,positive,Helpful (>10),travel hotel bed state father teacher civil speech popular smile bag
,Consider then war this difference way.,scene law agree appear political picture social carry husband pick finish bank citizen require power candidate order improve vote later card community foreign example base,1,rebeccamccann,129,171,Flipkart,en,Congo,2.7.7,Yes,en,negative,Helpful (>10),scene law agree appear political picture social carry husband pick finish bank citizen require power candidate order improve vote later card community foreign example base
,Risk country Congress society agreement.,peace outside chance color note add turn law purpose budget require course technology site explain management candidate task outside,3,joe73,95,132,Amazon,ja,Heard Island and McDonald Islands,4.5.9,Yes,en,neutral,Helpful (>10),peace outside chance color note add turn law purpose budget require course technology site explain management candidate task outside
,Accept mean herself.,beat light window huge defense interest authority news dog traditional vote,3,ilambert,16,75,Amazon,es,Uganda,5.6.4,No,en,neutral,Helpful (>10),beat light window huge defense interest authority news dog traditional vote
,Might job close say man.,oil employee mean car report item employee finish material wind exactly guess involve total enjoy,5,angelalivingston,38,97,Amazon,es,Norfolk Island,5.2.5,No,en,positive,Helpful (>10),oil employee mean car report item employee finish material wind exactly guess involve total enjoy
2025-04-01,Short Congress turn east marriage behind forget.,apply chance discover employee relationship job american ground magazine manage suffer term buy behavior test congress collection meet evening,4,erin16,33,142,Website,es,Holy See (Vatican City State),3.8.6,No,en,positive,Helpful (>10),apply chance discover employee relationship job american ground magazine manage suffer term buy behavior test congress collection meet evening
,High human concern whole tend become system clear.,student child ball store process law western price forget analysis performance laugh water trade tell soon executive season natural,2,wmitchell,171,131,Website,es,Zimbabwe,4.8.5,Yes,en,negative,Helpful (>10),student child ball store process law western price forget analysis performance laugh water trade tell soon executive season natural
,Pass its international American game less.,building south financial rate capital story mention majority live institution series,3,deborahreeves,79,84,Flipkart,de,Venezuela,3.7.3,Yes,en,neutral,Helpful (>10),building south financial rate capital story mention majority live institution series
2024-04-08,Green one shoulder administration scientist.,picture modern fact join trade local chance campaign total success mission far necessary true message member include let result,2,lwhite,39,127,Google Play,hi,Tajikistan,1.8.8,Yes,en,negative,Helpful (>10),picture modern fact join trade local chance campaign total success mission far necessary true message member include let result
,Rise field spend pattern real white push source.,bar theory fear lawyer prove space game truth special decision word pull adult house actually pretty,3,martinezalexander,196,100,Website,fr,Bouvet Island (Bouvetoya),5.6.2,Yes,en,neutral,Helpful (>10),bar theory fear lawyer prove space game truth special decision word pull adult house actually pretty
2025-05-01,Anything account piece require woman support.,receive agree loss certain drop teach mrs beat challenge instead bring total school knowledge machine drug far stop,2,benjamin67,177,115,Website,fr,Malawi,4.0.6,No,en,negative,Helpful (>10),receive agree loss certain drop teach mrs beat challenge instead bring total school knowledge machine drug far stop
,Capital fall represent where strategy pull same.,test discussion art affect office network environmental possible threat bring performance large job claim risk light medical rate table resource,2,kmarsh,113,144,Website,hi,Niger,4.3.8,Yes,en,negative,Helpful (>10),test discussion art affect office network environmental possible threat bring performance large job claim risk light medical rate table resource
,Box dinner no main year size.,real beat lot community choose man soldier wall management decide adult thing ground city allow,3,carrilloangela,200,95,App Store,de,Ukraine,3.9.7,No,en,neutral,Helpful (>10),real beat lot community choose man soldier wall management decide adult thing ground city allow
,Wide shoulder according strong list expert.,page bit watch sense window sit participant teach big black picture treat church factor kid medium run positive free case summer,3,christopherwatson,199,128,App Store,ru,Saudi Arabia,5.6.2,Yes,en,neutral,Helpful (>10),page bit watch sense window sit participant teach big black picture treat church factor kid medium run positive free case summer
2025-07-07,Around place require produce mind fast I.,picture early send morning skin case investment truth weight gun ahead certainly act south want fire word clearly article service produce political,5,jennifer55,35,147,Amazon,en,Algeria,4.5.8,Yes,en,positive,Helpful (>10),picture early send morning skin case investment truth weight gun ahead certainly act south want fire word clearly article service produce political
,Memory fine future player.,particular chair identify popular thought person peace kind thought sit identify culture feeling free rise science yeah exist,5,johnsonlaura,31,125,Amazon,es,Namibia,2.4.7,Yes,en,positive,Helpful (>10),particular chair identify popular thought person peace kind thought sit identify culture feeling free rise science yeah exist
,Suddenly doctor federal project spring of cause.,strategy fight institution measure rule success employee medical buy large occur accept fund door second ok research visit,4,pstone,23,122,Flipkart,ar,Bosnia and Herzegovina,3.0.6,Yes,en,positive,Helpful (>10),strategy fight institution measure rule success employee medical buy large occur accept fund door second ok research visit
,Tell brother defense list second want hard.,old state guess well republican stock bank artist thousand live land hard idea single pm ready way rule indicate clear medium machine leader,4,guzmanricky,128,140,Amazon,de,British Indian Ocean Territory (Chagos Archipelago),4.1.5,Yes,en,positive,Helpful (>10),old state guess well republican stock bank artist thousand live land hard idea single pm ready way rule indicate clear medium machine leader
,Little result paper seven measure leave.,face mission brother figure hear family agreement central instead view figure exist standard major business individual,1,jcontreras,81,118,Google Play,zh,Tonga,2.2.0,No,en,negative,Helpful (>10),face mission brother figure hear family agreement central instead view figure exist standard major business individual
,Western my serious whatever miss.,person hold fund animal provide kitchen tend religious occur religious night buy nice,4,bshaw,178,85,Flipkart,ar,British Indian Ocean Territory (Chagos Archipelago),4.9.0,Yes,en,positive,Helpful (>10),person hold fund animal provide kitchen tend religious occur religious night buy nice
,Collection century eight bed fill imagine college.,conference affect skill early relationship think know southern parent technology future congress agency month high woman,1,howard04,65,120,Flipkart,fr,Iceland,5.9.8,No,en,negative,Helpful (>10),conference affect skill early relationship think know southern parent technology future congress agency month high woman
,Fight image base player.,central throw election walk tonight appear dream door meet boy art let imagine machine imagine especially white push east,1,kristathomas,198,121,Amazon,de,Mauritania,3.1.0,Yes,en,negative,Helpful (>10),central throw election walk tonight appear dream door meet boy art let imagine machine imagine especially white push east
,One member animal school none.,mr interest treatment later let stop eye art event economy successful,4,christopher12,163,69,Website,ar,Saint Kitts and Nevis,1.1.7,Yes,en,positive,Helpful (>10),mr interest treatment later let stop eye art event economy successful
,Including time reflect several.,decision measure soon war play woman remain early work game outside administration reality position ability live,5,cobbdebra,147,112,Flipkart,fr,Belarus,3.6.0,No,en,positive,Helpful (>10),decision measure soon war play woman remain early work game outside administration reality position ability live
2024-06-08,Doctor management guy exactly toward.,staff knowledge heavy group concern recent leg view know develop exactly tv group bed party field,2,adrianjoyce,146,97,App Store,fr,Northern Mariana Islands,1.8.5,Yes,en,negative,Helpful (>10),staff knowledge heavy group concern recent leg view know develop exactly tv group bed party field
,Ability interview pull practice take follow such.,thank notice management necessary process radio compare open second camera value talk thing rock summer age wide question pass,5,rhill,139,126,Website,ru,Malaysia,5.0.6,No,en,positive,Helpful (>10),thank notice management necessary process radio compare open second camera value talk thing rock summer age wide question pass
2024-08-09,Something various subject east list when strategy start.,guess service different information large accept create bank occur agent interest avoid economic clearly financial personal benefit lose space,1,sherryparsons,162,142,App Store,zh,Nicaragua,3.0.5,Yes,en,negative,Helpful (>10),guess service different information large accept create bank occur agent interest avoid economic clearly financial personal benefit lose space
,Far high benefit.,personal beat art finish summer site artist sort area particularly big argue,3,mhall,61,76,Google Play,pt,Solomon Islands,3.2.0,No,en,neutral,Helpful (>10),personal beat art finish summer site artist sort area particularly big argue
2024-07-07,During someone art find.,action somebody people fund visit situation law foreign court bill organization subject meet green loss,5,ppalmer,86,103,Flipkart,ar,Saudi Arabia,4.2.2,Yes,en,positive,Helpful (>10),action somebody people fund visit situation law foreign court bill organization subject meet green loss
,Country little reality level realize system.,certainly light owner fact wife military price arm medical strong teach instead crime customer training size,4,christina65,9,108,Amazon,de,Central African Republic,1.3.0,No,en,positive,Not Helpful (≤10),certainly light owner fact wife military price arm medical strong teach instead crime customer training size
,Current exist despite.,treat turn police level defense lose shoulder spring day contain wrong guy available air boy fact create analysis,3,jennifer58,131,113,App Store,ru,Ecuador,4.4.0,Yes,en,neutral,Helpful (>10),treat turn police level defense lose shoulder spring day contain wrong guy available air boy fact create analysis
,Third capital couple mouth.,successful treat quality skin book figure drive special produce wait young think assume,3,louis63,91,87,Google Play,zh,Uruguay,3.1.5,No,en,neutral,Helpful (>10),successful treat quality skin book figure drive special produce wait young think assume
,Debate thus later.,family chance easy picture evidence meet major road ask meet population meeting material focus hear reason resource manager environmental husband tv,4,randytorres,190,148,App Store,ja,Tuvalu,3.2.7,No,en,positive,Helpful (>10),family chance easy picture evidence meet major road ask meet population meeting material focus hear reason resource manager environmental husband tv
,Better author although customer cultural.,church successful effort far million discover american mention later source conference doctor population grow bar successful mention poor skill,3,john43,132,143,Amazon,es,Romania,4.1.6,Yes,en,neutral,Helpful (>10),church successful effort far million discover american mention later source conference doctor population grow bar successful mention poor skill
,Serious reveal left social fine could show.,sell science treatment federal state watch state activity pressure writer week tend dinner rich decide,5,cclark,75,102,Amazon,es,Timor-Leste,1.5.4,No,en,positive,Helpful (>10),sell science treatment federal state watch state activity pressure writer week tend dinner rich decide
,Nothing sometimes trial off hospital high.,hear officer campaign wall act special fund industry rate idea single mrs age size child,4,ybrown,154,88,App Store,fr,Comoros,4.5.7,Yes,en,positive,Helpful (>10),hear officer campaign wall act special fund industry rate idea single mrs age size child
2024-01-06,Sea home tough deal that finally stand.,forget police fight commercial push concern major cost attorney white exist process attorney arm million commercial teacher improve church book movie,3,kmoore,157,149,App Store,hi,Wallis and Futuna,1.1.6,No,en,neutral,Helpful (>10),forget police fight commercial push concern major cost attorney white exist process attorney arm million commercial teacher improve church book movie
,Statement sure indeed conference pay it his probably.,datum respond learn cut yard knowledge station painting east forget notice leg explain thing lead red republican father,5,longsonya,191,119,Flipkart,en,Dominican Republic,2.9.7,Yes,en,positive,Helpful (>10),datum respond learn cut yard knowledge station painting east forget notice leg explain thing lead red republican father
,However action boy true force.,event physical factor trouble recently reveal describe management build hard sense mean single improve close debate ago police leave gas human,2,ewashington,17,142,Flipkart,zh,Belize,3.6.9,Yes,en,negative,Helpful (>10),event physical factor trouble recently reveal describe management build hard sense mean single improve close debate ago police leave gas human
2025-08-09,Hospital final appear above.,require likely evidence claim stuff parent concern buy collection provide action event key concern research mother kind answer play mission,5,pwang,39,139,App Store,zh,Holy See (Vatican City State),3.7.1,Yes,en,positive,Helpful (>10),require likely evidence claim stuff parent concern buy collection provide action event key concern research mother kind answer play mission
,Building degree ground community I first.,customer administration agreement address star benefit right analysis mention spring follow phone person house,5,olewis,93,110,App Store,zh,Bahrain,3.3.1,Yes,en,positive,Helpful (>10),customer administration agreement address star benefit right analysis mention spring follow phone person house
,Treatment large memory score me relate actually again.,practice hard attack despite feel work big movie commercial outside wonder recent question win forward play fish surface lot friend,2,parkerjoann,127,131,Website,ja,Saudi Arabia,5.1.4,No,en,negative,Helpful (>10),practice hard attack despite feel work big movie commercial outside wonder recent question win forward play fish surface lot friend
,Day approach truth write soon.,bag case material dark heart politic draw rise write kitchen theory care fish minute possible eye agency suggest,4,cathyjames,54,112,Website,hi,Gibraltar,4.3.1,Yes,en,positive,Helpful (>10),bag case material dark heart politic draw rise write kitchen theory care fish minute possible eye agency suggest
,Even sit bag win huge.,picture ask man west appear yeah voice community nature somebody door right find return computer eat experience large,1,thomashenderson,115,117,Flipkart,ar,New Caledonia,1.5.5,Yes,en,negative,Helpful (>10),picture ask man west appear yeah voice community nature somebody door right find return computer eat experience large
2024-08-01,Man understand wait wife health majority.,set standard soldier high serve tv organization check risk figure exist lose resource cultural trouble technology,5,ortizbenjamin,138,113,Amazon,hi,Uruguay,2.2.5,Yes,en,positive,Helpful (>10),set standard soldier high serve tv organization check risk figure exist lose resource cultural trouble technology
2025-08-04,End lay race effect.,usually class remember play happy prepare unit save drug spend piece,1,alexanderwise,51,68,Flipkart,de,Norway,4.0.5,No,en,negative,Helpful (>10),usually class remember play happy prepare unit save drug spend piece
,According collection man best similar.,huge million country institution stop education safe sell thank body sport especially decide security,4,pwarren,141,101,Flipkart,pt,France,1.1.4,No,en,positive,Helpful (>10),huge million country institution stop education safe sell thank body sport especially decide security
,Ahead doctor magazine set act entire.,color hear region cup consider way late sport control arrive consumer total impact phone person coach fall help everybody,4,ortegakristina,134,121,App Store,ja,Armenia,5.1.2,No,en,positive,Helpful (>10),color hear region cup consider way late sport control arrive consumer total impact phone person coach fall help everybody
2025-09-08,Rise thousand catch own than evidence.,mission account owner seven usually list radio gas firm dream guess huge particularly wish south able,1,miguelmontgomery,115,101,App Store,ru,Palestinian Territory,3.2.8,Yes,en,negative,Helpful (>10),mission account owner seven usually list radio gas firm dream guess huge particularly wish south able
2024-01-01,Size respond all marriage beautiful strategy you.,method produce point walk focus plant wide save question partner bank use tax safe family crime century mind,2,cjackson,110,108,Website,en,Zimbabwe,1.8.2,No,en,negative,Helpful (>10),method produce point walk focus plant wide save question partner bank use tax safe family crime century mind
,Use short over popular help.,production drive deep send process respond civil total short rest program week provide program plant man somebody,2,yvaldez,41,113,Amazon,de,Moldova,3.8.4,Yes,en,negative,Helpful (>10),production drive deep send process respond civil total short rest program week provide program plant man somebody
,Blood across system firm staff.,speak difference break scientist visit seat break happy table officer ability artist movie suggest woman floor half quickly mind,3,mary77,50,128,Website,hi,Cameroon,2.4.9,Yes,en,neutral,Helpful (>10),speak difference break scientist visit seat break happy table officer ability artist movie suggest woman floor half quickly mind
2024-02-08,Road federal spring treatment city again hot.,certainly program soon reflect final wrong long stock manager region heavy wonder decision run special red apply tend condition,5,wgregory,164,127,Flipkart,pt,Saudi Arabia,5.2.2,No,en,positive,Helpful (>10),certainly program soon reflect final wrong long stock manager region heavy wonder decision run special red apply tend condition
,Big size teach heavy work quickly collection.,author risk executive type red nature good food social tend approach leader clear case receive fact certain design security rise,5,davisterri,10,128,Google Play,es,Christmas Island,1.9.4,Yes,en,positive,Not Helpful (≤10),author risk executive type red nature good food social tend approach leader clear case receive fact certain design security rise
,Every president happen build bar majority.,woman practice order wide phone identify common seat simply yard provide bed,5,andrewberry,106,76,Website,en,Montenegro,4.8.4,No,en,positive,Helpful (>10),woman practice order wide phone identify common seat simply yard provide bed
,Television receive accept language.,reflect fear foot continue spend new movie speech major million research buy send today,4,david29,62,87,App Store,hi,Costa Rica,4.1.0,Yes,en,positive,Helpful (>10),reflect fear foot continue spend new movie speech major million research buy send today
,Reason mission worry goal Mrs decide between.,send fear commercial eat animal watch fall cause,4,youngjacob,106,48,App Store,ar,French Southern Territories,2.5.9,Yes,en,positive,Helpful (>10),send fear commercial eat animal watch fall cause
,Nor positive memory clearly start first.,democratic grow campaign performance avoid effort power clear lie war vote century datum picture especially plan population,3,mgray,183,123,Amazon,zh,Egypt,4.2.5,Yes,en,neutral,Helpful (>10),democratic grow campaign performance avoid effort power clear lie war vote century datum picture especially plan population
,Believe give occur example even between answer.,body nature policy guy event event well woman develop weight situation money open,3,stacey62,61,81,App Store,es,Guatemala,3.7.3,Yes,en,neutral,Helpful (>10),body nature policy guy event event well woman develop weight situation money open
,Figure teach water image fine.,necessary think require price central environment truth religious eat participant religious consumer worry maybe walk thing,1,walterschase,12,123,Amazon,ja,Dominican Republic,5.6.3,Yes,en,negative,Helpful (>10),necessary think require price central environment truth religious eat participant religious consumer worry maybe walk thing
,Reflect see each school week statement.,offer experience space action way quality look middle thousand recently pattern treat second,3,lawsontami,147,92,Amazon,de,Peru,2.7.8,No,en,neutral,Helpful (>10),offer experience space action way quality look middle thousand recently pattern treat second
,Stay along leg pay major green past.,tough company happen card government color wide quickly story face low enter able piece hour type,4,kenneth10,78,97,App Store,en,Guernsey,1.6.8,No,en,positive,Helpful (>10),tough company happen card government color wide quickly story face low enter able piece hour type
,Board just style class government.,issue culture improve tree choose prevent difficult house federal consider,2,tsmith,55,74,Website,zh,Congo,1.0.4,No,en,negative,Helpful (>10),issue culture improve tree choose prevent difficult house federal consider
2025-09-07,Body blue again choose.,expect card inside program way budget major race camera sister rise score stay,5,saundersjoel,167,78,App Store,hi,Philippines,5.0.1,No,en,positive,Helpful (>10),expect card inside program way budget major race camera sister rise score stay
,Pick chance build husband event court certainly adult.,involve account lose executive bar investment pay role cost short yes easy star cup relationship special red maybe congress,2,christopherwilliams,67,123,Amazon,ja,Ireland,3.0.6,Yes,en,negative,Helpful (>10),involve account lose executive bar investment pay role cost short yes easy star cup relationship special red maybe congress
,Hair fight best add necessary technology former.,record woman develop international article interview appear body hair represent east time consider produce focus experience exactly paper issue edge,5,julia98,143,148,Flipkart,zh,Netherlands Antilles,5.4.1,No,en,positive,Helpful (>10),record woman develop international article interview appear body hair represent east time consider produce focus experience exactly paper issue edge
2024-06-09,Court nearly education theory.,practice decide think candidate sea build treatment cover knowledge well walk people feel listen set child,5,patricia71,115,106,Website,hi,United States Minor Outlying Islands,5.9.1,Yes,en,positive,Helpful (>10),practice decide think candidate sea build treatment cover knowledge well walk people feel listen set child
,Close seek his single.,lot model weight cold face article win couple sport manager mouth message,1,nlawson,100,73,Amazon,zh,Colombia,5.5.2,Yes,en,negative,Helpful (>10),lot model weight cold face article win couple sport manager mouth message
,Politics eat statement.,occur option mention mean result fast environmental budget difference factor policy walk card,5,smithmichael,130,93,App Store,ru,Netherlands Antilles,1.0.0,Yes,en,positive,Helpful (>10),occur option mention mean result fast environmental budget difference factor policy walk card
,Thank plant nearly stage determine.,bar relationship near reveal impact particularly foot arm staff station room evidence administration price test voice reveal read,3,james62,121,129,Website,ar,Kiribati,2.9.8,Yes,en,neutral,Helpful (>10),bar relationship near reveal impact particularly foot arm staff station room evidence administration price test voice reveal read
,Case seek activity between himself body add.,happy total behavior consider continue television country role positive stage reach century interview lawyer population i.,3,andersonkayla,156,122,Amazon,fr,Ethiopia,4.9.4,No,en,neutral,Helpful (>10),happy total behavior consider continue television country role positive stage reach century interview lawyer population i
2025-03-09,Agency interview challenge pretty difficult.,outside society act social stand system cause service spring film look argue reality physical stay bill father memory student center,5,tmcdaniel,130,132,Website,ar,Swaziland,5.4.7,Yes,en,positive,Helpful (>10),outside society act social stand system cause service spring film look argue reality physical stay bill father memory student center
,Then even material hard enter trade.,man yard different example baby free type turn time page concern outside quickly change project feeling stage,3,mccormickmichelle,84,109,Google Play,ja,Canada,5.4.0,No,en,neutral,Helpful (>10),man yard different example baby free type turn time page concern outside quickly change project feeling stage
,Himself near much manage movie.,floor hospital return size long attack official certain follow camera good management loss win pm catch,3,patrickcarpenter,167,103,Website,pt,Italy,2.0.9,No,en,neutral,Helpful (>10),floor hospital return size long attack official certain follow camera good management loss win pm catch
2025-07-01,Help ago who he.,specific despite beautiful gun datum sure gun listen card body treat guess far century table tree drug argue case,2,batescharles,134,113,Website,ja,Taiwan,2.3.0,Yes,en,negative,Helpful (>10),specific despite beautiful gun datum sure gun listen card body treat guess far century table tree drug argue case
,Page community civil.,air half bad baby notice sport change consumer security recognize federal sit receive expert choose,2,rwall,4,99,App Store,zh,Yemen,4.2.6,Yes,en,negative,Not Helpful (≤10),air half bad baby notice sport change consumer security recognize federal sit receive expert choose
,Still close sound position crime board.,stop try maybe remember interest church win miss argue hot state wish paint baby realize local present,4,coxkimberly,128,102,Website,ar,Grenada,1.2.8,Yes,en,positive,Helpful (>10),stop try maybe remember interest church win miss argue hot state wish paint baby realize local present
2025-02-01,Crime sell rise wind reflect best imagine.,executive assume series finally necessary point allow worry low answer behavior final wonder,5,shawkimberly,83,92,App Store,ru,Anguilla,4.5.2,No,en,positive,Helpful (>10),executive assume series finally necessary point allow worry low answer behavior final wonder
,Fact perhaps vote always require raise.,local claim radio bad personal discuss democratic shoulder claim white rock prepare game size,5,jasonbishop,87,93,Website,zh,Belarus,3.9.7,Yes,en,positive,Helpful (>10),local claim radio bad personal discuss democratic shoulder claim white rock prepare game size
,Major guy expert important people quite kid.,physical marriage source central natural sit beautiful finish value claim office government author represent leave worry shake kind vote,2,nathaniel68,71,136,Website,hi,Korea,2.4.4,Yes,en,negative,Helpful (>10),physical marriage source central natural sit beautiful finish value claim office government author represent leave worry shake kind vote
,Too let beat rule true two should.,popular scientist start account fact citizen human authority hold left behavior letter,4,richardbrown,81,86,App Store,zh,Guam,5.4.4,Yes,en,positive,Helpful (>10),popular scientist start account fact citizen human authority hold left behavior letter
2024-01-07,The modern prove else store begin top.,defense scientist boy lawyer nation certainly degree write similar artist smile degree deep age serve institution edge compare center event bank,5,tabitha42,173,144,Website,ja,Congo,4.5.2,No,en,positive,Helpful (>10),defense scientist boy lawyer nation certainly degree write similar artist smile degree deep age serve institution edge compare center event bank
,Wall tax plant police official already second.,loss movement join tree statement night throw cup pattern food worry voice sea character learn challenge box wide image minute,1,robertpayne,73,126,Google Play,zh,Chad,4.4.7,Yes,en,negative,Helpful (>10),loss movement join tree statement night throw cup pattern food worry voice sea character learn challenge box wide image minute
,Learn health need class.,democratic decide course quickly western hair film standard record power lie improve goal mission share box,2,qjames,137,107,Amazon,ru,Portugal,3.2.1,Yes,en,negative,Helpful (>10),democratic decide course quickly western hair film standard record power lie improve goal mission share box
2025-09-09,Account hear difference exist they enough.,plant reduce visit town student bed administration usually billion know ok allow face inside development lawyer high crime light buy trial include,2,anunez,12,146,Website,de,United Arab Emirates,2.0.1,No,en,negative,Helpful (>10),plant reduce visit town student bed administration usually billion know ok allow face inside development lawyer high crime light buy trial include
,Mean place six successful.,allow ago subject million scientist fish color occur involve new cover popular stock soon official player community tough military join,3,mary25,183,135,App Store,es,Costa Rica,2.0.8,Yes,en,neutral,Helpful (>10),allow ago subject million scientist fish color occur involve new cover popular stock soon official player community tough military join
,Bar century age world term.,agent activity check peace win score candidate law place group dream today father movement early sister skill process,4,stevenscaitlin,167,117,App Store,ar,Botswana,2.4.5,No,en,positive,Helpful (>10),agent activity check peace win score candidate law place group dream today father movement early sister skill process
,Low pass national citizen score unit.,energy congress suddenly tree debate somebody include baby reach heart finish traditional speak conference act condition note parent wish,1,catherineherrera,196,137,Google Play,pt,Malaysia,2.8.0,Yes,en,negative,Helpful (>10),energy congress suddenly tree debate somebody include baby reach heart finish traditional speak conference act condition note parent wish
2024-09-02,Two economic cup suffer response which.,describe half ahead catch base reality environment loss necessary family seat mention,4,silvakatie,45,85,Google Play,ja,Georgia,4.2.4,Yes,en,positive,Helpful (>10),describe half ahead catch base reality environment loss necessary family seat mention
2024-07-06,Air conference follow so group authority.,west maintain interest section staff performance parent current good today standard threat education important page theory wear,1,nathan51,76,127,Website,pt,Algeria,1.5.4,No,en,negative,Helpful (>10),west maintain interest section staff performance parent current good today standard threat education important page theory wear
2025-05-01,Spend cup anyone management another ever.,response degree focus discussion money bill teacher avoid instead series,5,martinezgeorge,134,72,App Store,fr,Greece,5.7.4,Yes,en,positive,Helpful (>10),response degree focus discussion money bill teacher avoid instead series
,Management political treat successful visit bill difference.,door adult situation office leave capital truth population attorney believe sort rich send news finish partner hotel recent,1,taylorvictoria,84,123,Flipkart,ar,Tokelau,3.2.0,No,en,negative,Helpful (>10),door adult situation office leave capital truth population attorney believe sort rich send news finish partner hotel recent
,On build floor challenge.,difficult right speech staff mr read appear water avoid forget partner speech establish color,3,qwalsh,145,93,Flipkart,fr,British Virgin Islands,5.6.6,No,en,neutral,Helpful (>10),difficult right speech staff mr read appear water avoid forget partner speech establish color
2025-08-08,Method finish want remain pretty summer black.,drive long majority exactly significant lot begin represent good structure drug reason avoid manager defense provide life maintain future sport,1,jefferycox,102,143,Google Play,fr,Korea,2.7.5,Yes,en,negative,Helpful (>10),drive long majority exactly significant lot begin represent good structure drug reason avoid manager defense provide life maintain future sport
,Meet apply evening best possible rule.,message sister clearly film thank possible challenge seat drive environment live goal brother nearly great deep,1,mlee,66,111,App Store,de,Iraq,4.4.5,No,en,negative,Helpful (>10),message sister clearly film thank possible challenge seat drive environment live goal brother nearly great deep
,System reach color race coach.,parent million body eat book boy time offer draw mother record identify hotel detail station reality manager commercial datum pm relationship explain continue traditional performance,5,rachel20,185,182,Website,en,Papua New Guinea,3.5.3,Yes,en,positive,Helpful (>10),parent million body eat book boy time offer draw mother record identify hotel detail station reality manager commercial datum pm relationship explain continue traditional performance
,Fight save laugh same.,free concern baby quickly table order wide major easy admit fact direction sense simple,1,elizabeth45,119,87,Amazon,fr,Kuwait,4.8.4,Yes,en,negative,Helpful (>10),free concern baby quickly table order wide major easy admit fact direction sense simple
,Create western police whole.,feel free military professional tend machine establish mind policy task process center marriage scientist wind grow,3,harcher,94,115,Website,de,China,2.2.7,Yes,en,neutral,Helpful (>10),feel free military professional tend machine establish mind policy task process center marriage scientist wind grow
,Administration American executive or apply.,thousand hospital individual yes finally american mind gas partner item note society body chair race model face newspaper class main ask,4,adam50,191,136,Website,zh,Australia,4.8.7,Yes,en,positive,Helpful (>10),thousand hospital individual yes finally american mind gas partner item note society body chair race model face newspaper class main ask
,Throw turn others community.,exist teacher program shoulder choice beat central run truth fact allow usually eat question hit human,2,ushelton,174,102,Website,es,Spain,5.7.8,No,en,negative,Helpful (>10),exist teacher program shoulder choice beat central run truth fact allow usually eat question hit human
2025-07-03,Because cell trade skill oil health.,raise current career feel beat note leave contain site street benefit money reason mean rate group government level leave tree ago,1,brian62,144,130,Google Play,en,Iraq,5.8.3,Yes,en,negative,Helpful (>10),raise current career feel beat note leave contain site street benefit money reason mean rate group government level leave tree ago
,Reduce might no.,leg military stuff establish good fact loss article science purpose,2,rtaylor,83,67,Website,ar,Northern Mariana Islands,1.3.9,No,en,negative,Helpful (>10),leg military stuff establish good fact loss article science purpose
2024-03-09,Argue business identify work star success.,feel financial writer accord machine reach boy check mind easy billion agency medium,1,lorraine79,130,84,App Store,en,British Virgin Islands,4.2.8,No,en,negative,Helpful (>10),feel financial writer accord machine reach boy check mind easy billion agency medium
,Few population throw people amount trade while life.,player continue stand price color score national lose face open happen history son spend challenge exist build hope,4,khill,144,115,Google Play,ru,Guinea-Bissau,4.4.0,No,en,positive,Helpful (>10),player continue stand price color score national lose face open happen history son spend challenge exist build hope
,Open oil once stop attack ahead.,decision total modern message company charge pretty teach cause size type attention stuff low paper congress remain medical probably,3,jesseortega,0,132,Flipkart,pt,Luxembourg,1.0.6,No,en,neutral,Not Helpful (≤10),decision total modern message company charge pretty teach cause size type attention stuff low paper congress remain medical probably
,News cultural make quickly different score its.,food discuss sign true somebody black thing rock wind artist boy suggest authority shake paper subject type fly recognize help writer,1,christopherjohnson,138,133,Google Play,es,Paraguay,4.0.4,No,en,negative,Helpful (>10),food discuss sign true somebody black thing rock wind artist boy suggest authority shake paper subject type fly recognize help writer
2024-07-07,Material anything music against.,cell accept similar future radio strategy list goal peace case attack heavy audience site fear,2,sandra46,196,94,Flipkart,ja,Romania,3.6.7,No,en,negative,Helpful (>10),cell accept similar future radio strategy list goal peace case attack heavy audience site fear
,Dog authority way toward.,citizen explain drop military matter human arm recently book likely true enjoy air end free share cause natural safe,4,reedchad,20,116,Website,fr,Israel,3.1.2,No,en,positive,Helpful (>10),citizen explain drop military matter human arm recently book likely true enjoy air end free share cause natural safe
,She receive involve interview case just.,thought long rich bit market different local sit theory direction ago site cultural raise adult lot,5,michael56,32,99,Flipkart,en,Uruguay,1.4.7,No,en,positive,Helpful (>10),thought long rich bit market different local sit theory direction ago site cultural raise adult lot
2025-01-06,Price prevent baby voice day relate spend.,discussion open dinner section thousand soldier yard address spend baby camera congress analysis glass pretty factor paper,5,scottturner,97,122,Flipkart,de,Haiti,4.5.2,No,en,positive,Helpful (>10),discussion open dinner section thousand soldier yard address spend baby camera congress analysis glass pretty factor paper
,Arrive take himself affect.,fall president money environment recently approach relationship perform evidence datum case discover score decision head staff center recognize practice law box material,2,ccruz,185,169,Google Play,en,Czech Republic,4.9.0,Yes,en,negative,Helpful (>10),fall president money environment recently approach relationship perform evidence datum case discover score decision head staff center recognize practice law box material
,Weight usually explain yard movement interest.,continue issue appear figure girl ago participant throw special opportunity game stop role save arm body,2,francisco67,17,104,Google Play,pt,Samoa,1.7.9,Yes,en,negative,Helpful (>10),continue issue appear figure girl ago participant throw special opportunity game stop role save arm body
2025-09-08,Design around voice everybody particular finish ask.,car address son week beat economic house environmental economy president sign activity fill produce structure summer kitchen admit grow point,2,jonathanbuchanan,189,141,Google Play,ja,Eritrea,4.3.8,Yes,en,negative,Helpful (>10),car address son week beat economic house environmental economy president sign activity fill produce structure summer kitchen admit grow point
,Glass back kitchen memory down.,camera piece chair peace boy range team oil response weight yeah window administration suddenly support music,1,ashley61,35,109,Website,hi,Norway,2.9.5,No,en,negative,Helpful (>10),camera piece chair peace boy range team oil response weight yeah window administration suddenly support music
,Require vote her old price change several power.,central force small friend impact present likely wind perform happy fact change option blood deep finish respond score,2,benjaminvictoria,77,118,Flipkart,ru,Monaco,2.6.4,No,en,negative,Helpful (>10),central force small friend impact present likely wind perform happy fact change option blood deep finish respond score
,President painting large industry notice step.,piece safe building parent process minute crime offer treat gun lay security break drop run gun goal measure,1,sarasanchez,142,108,Website,fr,United States of America,4.8.7,Yes,en,negative,Helpful (>10),piece safe building parent process minute crime offer treat gun lay security break drop run gun goal measure
,Car term truth toward.,program paint somebody game brother impact measure chance management thing cup conference law building enjoy sea issue real,3,david83,164,123,App Store,ru,Rwanda,3.6.6,Yes,en,neutral,Helpful (>10),program paint somebody game brother impact measure chance management thing cup conference law building enjoy sea issue real
,Time order have power.,station participant blue reveal available wear treat piece scientist job record safe rich operation star meeting,3,lflores,96,112,Flipkart,ru,Madagascar,4.3.3,No,en,neutral,Helpful (>10),station participant blue reveal available wear treat piece scientist job record safe rich operation star meeting
,Girl close explain main.,evidence significant discussion manage answer military modern meet expect sport writer decision mind offer past,2,nicoleroberts,118,111,Google Play,ru,United States Virgin Islands,4.6.8,Yes,en,negative,Helpful (>10),evidence significant discussion manage answer military modern meet expect sport writer decision mind offer past
,Respond try build threat.,send project cell deal stuff senior agree total music accord hard example way interview know law,4,ibaker,62,96,Amazon,de,Fiji,3.1.7,No,en,positive,Helpful (>10),send project cell deal stuff senior agree total music accord hard example way interview know law
,Account carry heavy wall pull enter charge sport.,sound season develop avoid church friend piece mention religious fire item usually fish success produce,1,mcampbell,137,103,Flipkart,en,Norfolk Island,3.6.9,Yes,en,negative,Helpful (>10),sound season develop avoid church friend piece mention religious fire item usually fish success produce
,Themselves property make picture our.,week tax attack newspaper decade read party piece doctor west,1,ophillips,48,61,Website,ru,Bouvet Island (Bouvetoya),2.7.3,No,en,negative,Helpful (>10),week tax attack newspaper decade read party piece doctor west
,Article sign energy fish hot kind.,information language easy interesting computer produce girl huge similar low source major include dog fact medical,3,dgreen,3,114,Flipkart,de,Ethiopia,1.7.3,Yes,en,neutral,Not Helpful (≤10),information language easy interesting computer produce girl huge similar low source major include dog fact medical
,Teacher director soon treat former democratic.,fund stand final important occur coach deal personal particularly music wear sister good decision movement world study,4,shelbyjohnson,61,118,Website,zh,Angola,3.6.7,No,en,positive,Helpful (>10),fund stand final important occur coach deal personal particularly music wear sister good decision movement world study
,Painting charge save society create paper fine.,bill huge machine church feeling discover significant easy evening buy pretty stand theory technology baby mean region run sea,3,ronald04,66,126,Amazon,ru,Falkland Islands (Malvinas),4.7.1,No,en,neutral,Helpful (>10),bill huge machine church feeling discover significant easy evening buy pretty stand theory technology baby mean region run sea
,Side language live board financial century.,wide office heavy involve develop image traditional mouth admit market hour head national board difference window,3,davisgary,52,113,Amazon,zh,Tonga,4.0.9,Yes,en,neutral,Helpful (>10),wide office heavy involve develop image traditional mouth admit market hour head national board difference window
,Recognize heart series class security coach.,economic center pattern list rich note discussion edge find character focus environmental decide major matter dog leave lot science run tv,2,hkane,4,138,Amazon,ru,Argentina,5.9.6,No,en,negative,Not Helpful (≤10),economic center pattern list rich note discussion edge find character focus environmental decide major matter dog leave lot science run tv
,Decision form section you until clearly resource.,manager phone modern cause industry brother result mission past practice center model daughter pass research mind economy,2,asmith,50,121,Amazon,de,Christmas Island,4.9.3,No,en,negative,Helpful (>10),manager phone modern cause industry brother result mission past practice center model daughter pass research mind economy
,Must process back check room evidence enjoy.,attack find mrs article light choose general add cover exist treatment international role happen short,5,martinezalexa,167,102,Amazon,hi,Oman,4.7.7,Yes,en,positive,Helpful (>10),attack find mrs article light choose general add cover exist treatment international role happen short
,Force matter bring nice help history listen.,form sign option southern protect list collection situation sound chair close follow time appear memory,3,mary58,43,103,Flipkart,ru,Belgium,4.2.8,Yes,en,neutral,Helpful (>10),form sign option southern protect list collection situation sound chair close follow time appear memory
,Him condition section action kind.,success western watch street represent style night majority smile rate newspaper term talk generation interest pay,5,adamcollins,8,114,Google Play,en,Bhutan,1.6.2,Yes,en,positive,Not Helpful (≤10),success western watch street represent style night majority smile rate newspaper term talk generation interest pay
,Space although ahead thus check save that.,trouble actually event positive politic huge region wife statement tell young place list,1,christopherflowers,181,88,Flipkart,en,British Indian Ocean Territory (Chagos Archipelago),2.8.7,No,en,negative,Helpful (>10),trouble actually event positive politic huge region wife statement tell young place list
,Challenge entire common and part read important.,pm artist good work create pass admit student summer town want wait idea study prove assume,1,collinsann,158,91,Website,ar,British Indian Ocean Territory (Chagos Archipelago),4.0.0,No,en,negative,Helpful (>10),pm artist good work create pass admit student summer town want wait idea study prove assume
,Section scene financial here expert.,recent leg break bed role control option short design hear ball right east study politic,1,donald56,4,88,Website,hi,Czech Republic,5.4.0,No,en,negative,Not Helpful (≤10),recent leg break bed role control option short design hear ball right east study politic
,Before significant election life all.,evening current begin great hair piece story strong history mrs decision reduce specific debate record mean,2,holmescrystal,27,107,Google Play,ru,Lebanon,2.3.3,No,en,negative,Helpful (>10),evening current begin great hair piece story strong history mrs decision reduce specific debate record mean
,Room list during rich over lot.,head help open red picture thank account instead friend cost group clear national sell pattern order,3,oevans,68,100,App Store,es,Serbia,3.6.7,Yes,en,neutral,Helpful (>10),head help open red picture thank account instead friend cost group clear national sell pattern order
,Tax job right child new.,blue international especially officer clearly coach feel recently model week sell candidate wife finally soon learn close challenge feeling ball,2,adam25,76,144,Google Play,en,Bolivia,1.6.6,No,en,negative,Helpful (>10),blue international especially officer clearly coach feel recently model week sell candidate wife finally soon learn close challenge feeling ball
,Trip population catch could deep itself.,recognize tree protect story relationship benefit campaign card significant today prove wife agree concern dog gun ability,5,patrick26,121,122,Google Play,en,Canada,2.1.7,No,en,positive,Helpful (>10),recognize tree protect story relationship benefit campaign card significant today prove wife agree concern dog gun ability
,Activity president prove institution approach interesting score.,hit start instead clear radio strong let run pretty identify southern claim medical,3,munozleah,144,83,Google Play,ru,Korea,1.3.3,No,en,neutral,Helpful (>10),hit start instead clear radio strong let run pretty identify southern claim medical
,Let always test.,sit republican bear condition interest service bag opportunity culture spend road lawyer,3,mrichardson,11,88,Google Play,hi,Poland,5.9.0,Yes,en,neutral,Helpful (>10),sit republican bear condition interest service bag opportunity culture spend road lawyer
,Plan issue ever will.,international push short age environment fall indicate land fear ground school eat base,3,samanthaberger,4,87,Flipkart,pt,Venezuela,2.6.1,No,en,neutral,Not Helpful (≤10),international push short age environment fall indicate land fear ground school eat base
2025-06-05,Past much soldier reason any.,notice american force participant rich speech big mention rise pm institution wear present student item bring court end,2,blewis,144,119,Flipkart,pt,Falkland Islands (Malvinas),4.8.5,No,en,negative,Helpful (>10),notice american force participant rich speech big mention rise pm institution wear present student item bring court end
2025-02-05,Play forget home upon actually future.,everybody provide paint travel question evening imagine affect price leg play well different remember determine particularly rock participant leave,2,lynn27,176,147,Google Play,ru,Timor-Leste,3.0.1,No,en,negative,Helpful (>10),everybody provide paint travel question evening imagine affect price leg play well different remember determine particularly rock participant leave
2025-05-08,Writer heart Mrs her we but how.,decision recently pull allow system place generation debate world fight later level choose person north share exist,2,victoriaduncan,19,115,Amazon,pt,Christmas Island,5.9.6,No,en,negative,Helpful (>10),decision recently pull allow system place generation debate world fight later level choose person north share exist
,Under concern eye mouth.,short worker nearly goal design picture professional plan player maybe mouth different identify series experience,1,kathryn21,162,113,Amazon,ar,Hungary,4.3.5,No,en,negative,Helpful (>10),short worker nearly goal design picture professional plan player maybe mouth different identify series experience
,Leader rich dream line.,wind improve player peace catch people outside rule watch foot coach personal range weight age smile hope memory cover,4,marcuscarter,47,118,Website,ja,Uganda,1.9.4,Yes,en,positive,Helpful (>10),wind improve player peace catch people outside rule watch foot coach personal range weight age smile hope memory cover
2025-03-02,Positive move agency lose rise fall huge state.,officer learn raise kitchen drop computer leave political study training reveal attorney security radio image mind like history situation mr.,1,coxjennifer,21,141,Amazon,fr,Madagascar,4.2.6,No,en,negative,Helpful (>10),officer learn raise kitchen drop computer leave political study training reveal attorney security radio image mind like history situation mr
2025-07-02,Challenge eye determine he.,investment buy certainly energy stay send bear college include fund tree decide good politic available tonight man employee far know skin record organization,3,jennifer42,27,157,Google Play,en,Mongolia,3.7.5,No,en,neutral,Helpful (>10),investment buy certainly energy stay send bear college include fund tree decide good politic available tonight man employee far know skin record organization
,Image peace color general choose system fire.,little key far season reason chair factor pm surface chance activity hair meet thank,1,nicholas72,33,84,Google Play,fr,Trinidad and Tobago,4.7.8,No,en,negative,Helpful (>10),little key far season reason chair factor pm surface chance activity hair meet thank
,Suggest Mrs bag something land mission each.,compare today add water garden finally difference sing smile practice ground notice police activity second standard skin scientist hair allow phone weight medical,1,hannahcurtis,6,162,Google Play,zh,Ecuador,5.1.9,No,en,negative,Not Helpful (≤10),compare today add water garden finally difference sing smile practice ground notice police activity second standard skin scientist hair allow phone weight medical
,Between operation our feel act.,concern entire sea safe true town car debate ok mr sit plant cultural bring bar,4,hcallahan,3,79,Amazon,ja,Saint Helena,4.1.8,Yes,en,positive,Not Helpful (≤10),concern entire sea safe true town car debate ok mr sit plant cultural bring bar
2025-03-07,Assume it fight understand.,crime south pass lead senior manage computer medical exist population mother game question personal bear series consider accord throw meeting,5,rpeterson,133,141,Flipkart,ja,Martinique,2.2.4,No,en,positive,Helpful (>10),crime south pass lead senior manage computer medical exist population mother game question personal bear series consider accord throw meeting
,He fill risk stop firm.,cover board discussion film figure short line range decision public food court commercial citizen production listen organization indicate risk director enjoy,3,ronald66,126,157,Flipkart,es,Albania,2.6.4,No,en,neutral,Helpful (>10),cover board discussion film figure short line range decision public food court commercial citizen production listen organization indicate risk director enjoy
,Blood during for look return.,area impact position cause lead stand dark product strategy focus nice current democrat,3,ccrane,123,87,Google Play,zh,Slovakia (Slovak Republic),3.3.7,Yes,en,neutral,Helpful (>10),area impact position cause lead stand dark product strategy focus nice current democrat
2025-05-06,Foreign national produce news stage.,reach train main exactly parent heart big policy everybody hard book care seek foot simple include charge character federal customer,4,taylorkayla,27,132,Flipkart,hi,Trinidad and Tobago,1.6.5,No,en,positive,Helpful (>10),reach train main exactly parent heart big policy everybody hard book care seek foot simple include charge character federal customer
,Not yet where.,guess significant section democrat fly direction gun current effort section age budget improve main answer tree mention,3,kristy74,112,119,Amazon,ja,Montserrat,5.2.4,No,en,neutral,Helpful (>10),guess significant section democrat fly direction gun current effort section age budget improve main answer tree mention
,Practice authority possible fund.,north wind sister mother life practice course authority range stand letter,5,zpreston,177,74,Flipkart,ar,Montserrat,3.2.6,No,en,positive,Helpful (>10),north wind sister mother life practice course authority range stand letter
,Music west force firm.,hope follow character talk purpose force leader program great test check significant deal consider ago suddenly,3,dominiqueharris,188,111,App Store,pt,Central African Republic,2.5.6,No,en,neutral,Helpful (>10),hope follow character talk purpose force leader program great test check significant deal consider ago suddenly
,Clear decide wait scientist.,turn sign agree want way agent land human day sport behavior compare tree right,4,kara56,93,79,Google Play,pt,Comoros,2.9.8,Yes,en,positive,Helpful (>10),turn sign agree want way agent land human day sport behavior compare tree right
,Role today animal suggest concern.,son growth effort bear lead account sound growth finally assume watch present director red practice special administration,5,andersoneric,6,122,App Store,de,Puerto Rico,4.4.1,No,en,positive,Not Helpful (≤10),son growth effort bear lead account sound growth finally assume watch present director red practice special administration
,Marriage fill personal.,article sort term produce increase information company million character speak protect half understand skill,4,christy00,35,108,Amazon,de,Greenland,3.2.6,No,en,positive,Helpful (>10),article sort term produce increase information company million character speak protect half understand skill
2024-09-01,Light total campaign prevent half party respond.,trial help modern citizen address today begin write key tax speak a.,1,kvasquez,114,68,Website,ar,Congo,5.6.8,No,en,negative,Helpful (>10),trial help modern citizen address today begin write key tax speak a
,Foreign hear certainly say.,method south central process sea response executive past difficult continue process forget wind property mind officer service,5,adkinslauren,9,125,Amazon,ru,Niue,5.1.1,Yes,en,positive,Not Helpful (≤10),method south central process sea response executive past difficult continue process forget wind property mind officer service
,Effort southern maintain nature.,woman add play structure activity lose thank wife yeah law enjoy key seat pretty method,3,barnettmatthew,42,87,Website,en,Malaysia,5.6.5,No,en,neutral,Helpful (>10),woman add play structure activity lose thank wife yeah law enjoy key seat pretty method
,Consumer star those memory center quite simply.,site interview agent window build require girl laugh network vote,1,jessicagomez,2,65,Google Play,hi,Nepal,2.8.8,Yes,en,negative,Not Helpful (≤10),site interview agent window build require girl laugh network vote
,Interest dark any wide husband hope miss instead.,mouth young hear close plant peace successful charge walk,4,imcdonald,95,57,App Store,ar,Saint Helena,5.8.2,No,en,positive,Helpful (>10),mouth young hear close plant peace successful charge walk
,Strong audience white everybody throughout.,edge new find type party arrive improve lose civil hospital city industry option,1,barberbrenda,123,80,Google Play,hi,Peru,4.1.1,Yes,en,negative,Helpful (>10),edge new find type party arrive improve lose civil hospital city industry option
,Letter one then reality some serve different billion.,kitchen public set action bring find bill pick discussion state particular child senior result american study,3,john76,79,109,Amazon,ar,Italy,2.8.7,No,en,neutral,Helpful (>10),kitchen public set action bring find bill pick discussion state particular child senior result american study
2024-06-04,Parent not parent that property among blue.,tend exactly right edge meet information work bar big south drug manager opportunity program billion sit remain,4,johnstondavid,24,111,App Store,ar,Serbia,3.1.4,Yes,en,positive,Helpful (>10),tend exactly right edge meet information work bar big south drug manager opportunity program billion sit remain
,Piece forget factor.,oil remember page spring responsibility positive key leave tell vote spend physical sing protect agent note,1,upham,5,107,Amazon,es,Korea,2.3.8,Yes,en,negative,Not Helpful (≤10),oil remember page spring responsibility positive key leave tell vote spend physical sing protect agent note
,Goal Mrs source whole first figure.,grow raise good everybody situation foot recognize play decide natural focus husband spring suddenly task,5,fowlerlawrence,40,105,Amazon,ru,Luxembourg,4.7.3,No,en,positive,Helpful (>10),grow raise good everybody situation foot recognize play decide natural focus husband spring suddenly task
,Cup bed our theory.,series dark task magazine guess city follow bear ok training record night series mrs huge,2,jphelps,47,89,App Store,ja,Saint Barthelemy,1.9.3,No,en,negative,Helpful (>10),series dark task magazine guess city follow bear ok training record night series mrs huge
,Father who tax.,government card history suddenly save theory party wife food different step nature property event manager street work early difficult possible democratic,5,amassey,109,153,App Store,en,Micronesia,2.3.4,Yes,en,positive,Helpful (>10),government card history suddenly save theory party wife food different step nature property event manager street work early difficult possible democratic
,Remain movement bit step direction give reduce.,court control million offer total hit end hair soon issue hair floor ground care team worry east mrs wonder,5,stevenandrews,26,107,Website,fr,Austria,3.5.3,No,en,positive,Helpful (>10),court control million offer total hit end hair soon issue hair floor ground care team worry east mrs wonder
,Form now then watch certain.,opportunity ask large practice time live relationship great western water road require region wall worry democrat laugh mrs.,1,michelle90,67,124,App Store,ru,Rwanda,3.9.6,No,en,negative,Helpful (>10),opportunity ask large practice time live relationship great western water road require region wall worry democrat laugh mrs
2024-07-03,Recent catch gas benefit great religious.,simple audience include claim create woman similar writer ahead rock forward idea red rate source,5,victor24,29,97,Amazon,zh,Iran,4.9.2,No,en,positive,Helpful (>10),simple audience include claim create woman similar writer ahead rock forward idea red rate source
,Wish best raise choice hear.,goal positive bank later election article arrive health collection white agree teacher western country consider,5,patriciamccarthy,151,111,Google Play,fr,Turkmenistan,3.1.3,No,en,positive,Helpful (>10),goal positive bank later election article arrive health collection white agree teacher western country consider
